{"data":[ {"historyId": 1001,"runName":"login test", "date": "2016/12/3 12:10:30", "runBy": "Administrator", "result": "PASS","summary":"1.txt","version":"1.2.10"},
          {"historyId": 1002,"runName":"login test", "date": "2016/12/3 12:10:30", "runBy": "Administrator", "result": "PASS","summary":"1.txt","version":"1.2.10"},
          {"historyId": 1003,"runName":"login test", "date": "2016/12/3 12:10:30", "runBy": "Administrator", "result": "PASS","summary":"1.txt","version":"1.2.10"}
        ]
}