{"data":      [
                   { 
                     "title": "1 Master Test Plan",
                     "attr": {"id": "1"},
                     "children": [ { "title": "4 Summary",
                                     "attr": {"id": "today"},
                                     "children":[
                                        { "title": "5 MTP Details",
                                         "attr": {"id": "5"}
                                        },
                                        { "title": "6 Version comments",
                                          "attr": {"id": "6"}
                                        }
                                      ]
                                    },
                                   { "title": "Yesterday",
                                     "attr": {"id": "yesterday"}
                                   },
                                   { "title": "Archive",
                                     "attr": {"id": "archive"}
                                   }
                                 ]
                   },
                   {
                     "title": "Links", 
                     "attr": {"id": "links"},
                     "children": [ { "title": "Oracle",
                                     "attr": {"id": "oracle"}
                                   },
                                   { "title": "IBM",
                                     "attr": {"id": "ibm"}
                                   },
                                   { "title": "Microsoft",
                                     "attr": {"id": "ms"},
                                     "children": [ { "title": "USA",
                                                     "attr": {"id": "msusa"},
                                                     "children": [ { "title": "North",
                                                                     "attr": {"id": "msusanorth"}
                                                                   },
                                                                   { "title": "South",
                                                                     "attr": {"id": "msusasouth"}
                                                                   },
                                                                   { "title": "East",
                                                                     "attr": {"id": "msusaeast"}
                                                                   },
                                                                   { "title": "West",
                                                                     "attr": {"id": "msusawest"}
                                                                   }
                                                                 ]
                                                   },
                                                   { "title": "Europe",
                                                     "attr": {"id": "msuerope"}
                                                   },
                                                   { "title": "Asia",
                                                     "attr": {"id": "msasia"},
                                                     "children": [ { "title": "Japan",
                                                                     "attr": {"id": "asiajap"}
                                                                   },
                                                                   { "title": "China",
                                                                     "attr": {"id": "asiachina"}
                                                                   },
                                                                   { "title": "India",
                                                                     "attr": {"id": "asiaindia"}
                                                                   }
                                                                 ]
                                                   }
                                                 ]
                                   }
                                 ]
                   }]
}